{"cameraMode":{"drawMode":0,"name":"Shaded","section":"Shading Mode"},"sceneLighting":true,"audioPlay":false,"sceneViewState":{"showFog":true,"showMaterialUpdate":false,"showSkybox":false,"showFlares":true,"showImageEffects":true,"showParticleSystems":true},"in2DMode":false,"pivot":{"x":0.23890531063079835,"y":-0.8107702732086182,"z":6.7454986572265629},"rotation":{"x":-0.14666196703910829,"y":-0.040640827268362048,"z":0.005962362512946129,"w":-0.9883714318275452},"size":7.585788726806641,"orthographic":false}