{"cameraMode":{"drawMode":0,"name":"Shaded","section":"Shading Mode"},"sceneLighting":true,"audioPlay":false,"sceneViewState":{"showFog":true,"showMaterialUpdate":false,"showSkybox":false,"showFlares":true,"showImageEffects":true,"showParticleSystems":true},"in2DMode":false,"pivot":{"x":549.7034912109375,"y":261.6617431640625,"z":-530.583251953125},"rotation":{"x":-0.00030991321546025574,"y":0.0009125159704126418,"z":-0.00002081304592138622,"w":-1.0000431537628174},"size":71.16893005371094,"orthographic":false}